[{"model": "admin.logentry", "pk": 1, "fields": {"action_time": "2023-12-11T20:17:19.480Z", "user": 1, "content_type": 4, "object_id": "2", "object_repr": "Mitch", "action_flag": 1, "change_message": "[{\"added\": {}}]"}}, {"model": "admin.logentry", "pk": 2, "fields": {"action_time": "2023-12-11T20:21:22.346Z", "user": 1, "content_type": 7, "object_id": "1", "object_repr": "userpost object (1)", "action_flag": 1, "change_message": "[{\"added\": {}}]"}}, {"model": "admin.logentry", "pk": 3, "fields": {"action_time": "2023-12-11T20:21:57.040Z", "user": 1, "content_type": 7, "object_id": "2", "object_repr": "userpost object (2)", "action_flag": 1, "change_message": "[{\"added\": {}}]"}}, {"model": "admin.logentry", "pk": 4, "fields": {"action_time": "2023-12-11T20:22:46.609Z", "user": 1, "content_type": 7, "object_id": "3", "object_repr": "userpost object (3)", "action_flag": 1, "change_message": "[{\"added\": {}}]"}}, {"model": "admin.logentry", "pk": 5, "fields": {"action_time": "2023-12-11T20:23:14.021Z", "user": 1, "content_type": 7, "object_id": "4", "object_repr": "userpost object (4)", "action_flag": 1, "change_message": "[{\"added\": {}}]"}}, {"model": "admin.logentry", "pk": 6, "fields": {"action_time": "2023-12-11T20:23:16.362Z", "user": 1, "content_type": 7, "object_id": "4", "object_repr": "userpost object (4)", "action_flag": 2, "change_message": "[]"}}, {"model": "admin.logentry", "pk": 7, "fields": {"action_time": "2023-12-11T20:24:13.405Z", "user": 1, "content_type": 7, "object_id": "5", "object_repr": "userpost object (5)", "action_flag": 1, "change_message": "[{\"added\": {}}]"}}, {"model": "admin.logentry", "pk": 8, "fields": {"action_time": "2023-12-11T20:26:39.389Z", "user": 1, "content_type": 7, "object_id": "6", "object_repr": "userpost object (6)", "action_flag": 1, "change_message": "[{\"added\": {}}]"}}, {"model": "admin.logentry", "pk": 9, "fields": {"action_time": "2023-12-11T20:26:51.286Z", "user": 1, "content_type": 7, "object_id": "6", "object_repr": "userpost object (6)", "action_flag": 2, "change_message": "[{\"changed\": {\"fields\": [\"Author\"]}}]"}}, {"model": "admin.logentry", "pk": 10, "fields": {"action_time": "2023-12-11T20:29:16.013Z", "user": 1, "content_type": 7, "object_id": "7", "object_repr": "userpost object (7)", "action_flag": 3, "change_message": ""}}, {"model": "admin.logentry", "pk": 11, "fields": {"action_time": "2023-12-11T20:30:21.297Z", "user": 1, "content_type": 7, "object_id": "9", "object_repr": "userpost object (9)", "action_flag": 3, "change_message": ""}}, {"model": "admin.logentry", "pk": 12, "fields": {"action_time": "2023-12-11T20:31:05.669Z", "user": 1, "content_type": 7, "object_id": "12", "object_repr": "userpost object (12)", "action_flag": 3, "change_message": ""}}, {"model": "admin.logentry", "pk": 13, "fields": {"action_time": "2023-12-11T20:31:05.678Z", "user": 1, "content_type": 7, "object_id": "11", "object_repr": "userpost object (11)", "action_flag": 3, "change_message": ""}}, {"model": "admin.logentry", "pk": 14, "fields": {"action_time": "2023-12-11T20:35:31.043Z", "user": 1, "content_type": 7, "object_id": "15", "object_repr": "userpost object (15)", "action_flag": 3, "change_message": ""}}, {"model": "admin.logentry", "pk": 15, "fields": {"action_time": "2023-12-11T20:35:31.043Z", "user": 1, "content_type": 7, "object_id": "14", "object_repr": "userpost object (14)", "action_flag": 3, "change_message": ""}}, {"model": "admin.logentry", "pk": 16, "fields": {"action_time": "2023-12-11T20:35:31.047Z", "user": 1, "content_type": 7, "object_id": "13", "object_repr": "userpost object (13)", "action_flag": 3, "change_message": ""}}, {"model": "admin.logentry", "pk": 17, "fields": {"action_time": "2023-12-11T20:38:33.111Z", "user": 1, "content_type": 7, "object_id": "19", "object_repr": "userpost object (19)", "action_flag": 3, "change_message": ""}}, {"model": "admin.logentry", "pk": 18, "fields": {"action_time": "2023-12-11T20:38:33.116Z", "user": 1, "content_type": 7, "object_id": "18", "object_repr": "userpost object (18)", "action_flag": 3, "change_message": ""}}, {"model": "admin.logentry", "pk": 19, "fields": {"action_time": "2023-12-11T20:38:33.118Z", "user": 1, "content_type": 7, "object_id": "17", "object_repr": "userpost object (17)", "action_flag": 3, "change_message": ""}}, {"model": "admin.logentry", "pk": 20, "fields": {"action_time": "2023-12-11T20:38:33.119Z", "user": 1, "content_type": 7, "object_id": "16", "object_repr": "userpost object (16)", "action_flag": 3, "change_message": ""}}, {"model": "admin.logentry", "pk": 21, "fields": {"action_time": "2023-12-11T20:38:33.120Z", "user": 1, "content_type": 7, "object_id": "10", "object_repr": "userpost object (10)", "action_flag": 3, "change_message": ""}}, {"model": "admin.logentry", "pk": 22, "fields": {"action_time": "2023-12-11T20:44:53.698Z", "user": 1, "content_type": 7, "object_id": "23", "object_repr": "userpost object (23)", "action_flag": 3, "change_message": ""}}, {"model": "admin.logentry", "pk": 23, "fields": {"action_time": "2023-12-11T20:44:53.704Z", "user": 1, "content_type": 7, "object_id": "22", "object_repr": "userpost object (22)", "action_flag": 3, "change_message": ""}}, {"model": "admin.logentry", "pk": 24, "fields": {"action_time": "2023-12-11T20:44:53.705Z", "user": 1, "content_type": 7, "object_id": "21", "object_repr": "userpost object (21)", "action_flag": 3, "change_message": ""}}, {"model": "admin.logentry", "pk": 25, "fields": {"action_time": "2023-12-11T20:45:44.896Z", "user": 1, "content_type": 7, "object_id": "25", "object_repr": "userpost object (25)", "action_flag": 3, "change_message": ""}}, {"model": "admin.logentry", "pk": 26, "fields": {"action_time": "2023-12-11T20:47:28.443Z", "user": 1, "content_type": 7, "object_id": "24", "object_repr": "userpost object (24)", "action_flag": 3, "change_message": ""}}, {"model": "auth.permission", "pk": 1, "fields": {"name": "Can add log entry", "content_type": 1, "codename": "add_logentry"}}, {"model": "auth.permission", "pk": 2, "fields": {"name": "Can change log entry", "content_type": 1, "codename": "change_logentry"}}, {"model": "auth.permission", "pk": 3, "fields": {"name": "Can delete log entry", "content_type": 1, "codename": "delete_logentry"}}, {"model": "auth.permission", "pk": 4, "fields": {"name": "Can view log entry", "content_type": 1, "codename": "view_logentry"}}, {"model": "auth.permission", "pk": 5, "fields": {"name": "Can add permission", "content_type": 2, "codename": "add_permission"}}, {"model": "auth.permission", "pk": 6, "fields": {"name": "Can change permission", "content_type": 2, "codename": "change_permission"}}, {"model": "auth.permission", "pk": 7, "fields": {"name": "Can delete permission", "content_type": 2, "codename": "delete_permission"}}, {"model": "auth.permission", "pk": 8, "fields": {"name": "Can view permission", "content_type": 2, "codename": "view_permission"}}, {"model": "auth.permission", "pk": 9, "fields": {"name": "Can add group", "content_type": 3, "codename": "add_group"}}, {"model": "auth.permission", "pk": 10, "fields": {"name": "Can change group", "content_type": 3, "codename": "change_group"}}, {"model": "auth.permission", "pk": 11, "fields": {"name": "Can delete group", "content_type": 3, "codename": "delete_group"}}, {"model": "auth.permission", "pk": 12, "fields": {"name": "Can view group", "content_type": 3, "codename": "view_group"}}, {"model": "auth.permission", "pk": 13, "fields": {"name": "Can add user", "content_type": 4, "codename": "add_user"}}, {"model": "auth.permission", "pk": 14, "fields": {"name": "Can change user", "content_type": 4, "codename": "change_user"}}, {"model": "auth.permission", "pk": 15, "fields": {"name": "Can delete user", "content_type": 4, "codename": "delete_user"}}, {"model": "auth.permission", "pk": 16, "fields": {"name": "Can view user", "content_type": 4, "codename": "view_user"}}, {"model": "auth.permission", "pk": 17, "fields": {"name": "Can add content type", "content_type": 5, "codename": "add_contenttype"}}, {"model": "auth.permission", "pk": 18, "fields": {"name": "Can change content type", "content_type": 5, "codename": "change_contenttype"}}, {"model": "auth.permission", "pk": 19, "fields": {"name": "Can delete content type", "content_type": 5, "codename": "delete_contenttype"}}, {"model": "auth.permission", "pk": 20, "fields": {"name": "Can view content type", "content_type": 5, "codename": "view_contenttype"}}, {"model": "auth.permission", "pk": 21, "fields": {"name": "Can add session", "content_type": 6, "codename": "add_session"}}, {"model": "auth.permission", "pk": 22, "fields": {"name": "Can change session", "content_type": 6, "codename": "change_session"}}, {"model": "auth.permission", "pk": 23, "fields": {"name": "Can delete session", "content_type": 6, "codename": "delete_session"}}, {"model": "auth.permission", "pk": 24, "fields": {"name": "Can view session", "content_type": 6, "codename": "view_session"}}, {"model": "auth.permission", "pk": 25, "fields": {"name": "Can add userpost", "content_type": 7, "codename": "add_userpost"}}, {"model": "auth.permission", "pk": 26, "fields": {"name": "Can change userpost", "content_type": 7, "codename": "change_userpost"}}, {"model": "auth.permission", "pk": 27, "fields": {"name": "Can delete userpost", "content_type": 7, "codename": "delete_userpost"}}, {"model": "auth.permission", "pk": 28, "fields": {"name": "Can view userpost", "content_type": 7, "codename": "view_userpost"}}, {"model": "auth.permission", "pk": 29, "fields": {"name": "Can add user_information", "content_type": 8, "codename": "add_user_information"}}, {"model": "auth.permission", "pk": 30, "fields": {"name": "Can change user_information", "content_type": 8, "codename": "change_user_information"}}, {"model": "auth.permission", "pk": 31, "fields": {"name": "Can delete user_information", "content_type": 8, "codename": "delete_user_information"}}, {"model": "auth.permission", "pk": 32, "fields": {"name": "Can view user_information", "content_type": 8, "codename": "view_user_information"}}, {"model": "auth.permission", "pk": 33, "fields": {"name": "Can add course", "content_type": 9, "codename": "add_course"}}, {"model": "auth.permission", "pk": 34, "fields": {"name": "Can change course", "content_type": 9, "codename": "change_course"}}, {"model": "auth.permission", "pk": 35, "fields": {"name": "Can delete course", "content_type": 9, "codename": "delete_course"}}, {"model": "auth.permission", "pk": 36, "fields": {"name": "Can view course", "content_type": 9, "codename": "view_course"}}, {"model": "auth.permission", "pk": 37, "fields": {"name": "Can add hole detail", "content_type": 10, "codename": "add_holedetail"}}, {"model": "auth.permission", "pk": 38, "fields": {"name": "Can change hole detail", "content_type": 10, "codename": "change_holedetail"}}, {"model": "auth.permission", "pk": 39, "fields": {"name": "Can delete hole detail", "content_type": 10, "codename": "delete_holedetail"}}, {"model": "auth.permission", "pk": 40, "fields": {"name": "Can view hole detail", "content_type": 10, "codename": "view_holedetail"}}, {"model": "auth.permission", "pk": 41, "fields": {"name": "Can add score", "content_type": 11, "codename": "add_score"}}, {"model": "auth.permission", "pk": 42, "fields": {"name": "Can change score", "content_type": 11, "codename": "change_score"}}, {"model": "auth.permission", "pk": 43, "fields": {"name": "Can delete score", "content_type": 11, "codename": "delete_score"}}, {"model": "auth.permission", "pk": 44, "fields": {"name": "Can view score", "content_type": 11, "codename": "view_score"}}, {"model": "auth.permission", "pk": 45, "fields": {"name": "Can add tip", "content_type": 12, "codename": "add_tip"}}, {"model": "auth.permission", "pk": 46, "fields": {"name": "Can change tip", "content_type": 12, "codename": "change_tip"}}, {"model": "auth.permission", "pk": 47, "fields": {"name": "Can delete tip", "content_type": 12, "codename": "delete_tip"}}, {"model": "auth.permission", "pk": 48, "fields": {"name": "Can view tip", "content_type": 12, "codename": "view_tip"}}, {"model": "auth.user", "pk": 1, "fields": {"password": "pbkdf2_sha256$600000$uAb7c5t7iWTdUzTvUDKMt4$9LeDZwXGFyEZSSIns4JTICngEw93UBRQVJmK9Pqss+s=", "last_login": "2023-12-11T20:16:59.120Z", "is_superuser": true, "username": "fletcher", "first_name": "", "last_name": "", "email": "", "is_staff": true, "is_active": true, "date_joined": "2023-12-11T20:16:24.882Z", "groups": [], "user_permissions": []}}, {"model": "auth.user", "pk": 2, "fields": {"password": "pbkdf2_sha256$600000$Giewl9tAlKavokefiyrkC6$WV014L98TOOEK/4p0PMudz1uNKC9gsYRRBLB33zLlRg=", "last_login": null, "is_superuser": false, "username": "Mitch", "first_name": "", "last_name": "", "email": "", "is_staff": false, "is_active": true, "date_joined": "2023-12-11T20:17:18.773Z", "groups": [], "user_permissions": []}}, {"model": "contenttypes.contenttype", "pk": 1, "fields": {"app_label": "admin", "model": "logentry"}}, {"model": "contenttypes.contenttype", "pk": 2, "fields": {"app_label": "auth", "model": "permission"}}, {"model": "contenttypes.contenttype", "pk": 3, "fields": {"app_label": "auth", "model": "group"}}, {"model": "contenttypes.contenttype", "pk": 4, "fields": {"app_label": "auth", "model": "user"}}, {"model": "contenttypes.contenttype", "pk": 5, "fields": {"app_label": "contenttypes", "model": "contenttype"}}, {"model": "contenttypes.contenttype", "pk": 6, "fields": {"app_label": "sessions", "model": "session"}}, {"model": "contenttypes.contenttype", "pk": 7, "fields": {"app_label": "main_page", "model": "userpost"}}, {"model": "contenttypes.contenttype", "pk": 8, "fields": {"app_label": "main_page", "model": "user_information"}}, {"model": "contenttypes.contenttype", "pk": 9, "fields": {"app_label": "round", "model": "course"}}, {"model": "contenttypes.contenttype", "pk": 10, "fields": {"app_label": "round", "model": "holedetail"}}, {"model": "contenttypes.contenttype", "pk": 11, "fields": {"app_label": "round", "model": "score"}}, {"model": "contenttypes.contenttype", "pk": 12, "fields": {"app_label": "round", "model": "tip"}}, {"model": "sessions.session", "pk": "tszwgv2605w7irpyqcxq2pu7iv1trn8z", "fields": {"session_data": ".eJxVjDEOgzAMRe-SuYpICE7o2J0zIDu2G9oKJAJT1btXSAzt-t97_21G3Lcy7lXWcWJzNc5cfjfC_JT5APzA-b7YvMzbOpE9FHvSaoeF5XU73b-DgrUcNcWkbaQEKkiZg6YGOmpEANgpIEvfuBRaxi7kPip5QedBfVRwOZjPFxLaOM0:1rCmi3:JOQwOomzZFrDXd6DUM6Xb8p-K90BG_5-JoqQLRckYeI", "expire_date": "2023-12-25T20:16:59.124Z"}}, {"model": "main_page.userpost", "pk": 1, "fields": {"author": 1, "posted_date": "2023-12-11T20:21:22.336Z", "rating": 0.0, "caption": "Wonderful day at the range!", "picture": "user_fletcher/fletcher2023-12-11_202122.3374240000..jpg"}}, {"model": "main_page.userpost", "pk": 2, "fields": {"author": 2, "posted_date": "2023-12-11T20:21:57.036Z", "rating": 0.0, "caption": "My first hole in one!", "picture": "user_Mitch/Mitch2023-12-11_202157.0360320000..jpg"}}, {"model": "main_page.userpost", "pk": 3, "fields": {"author": 2, "posted_date": "2023-12-11T20:22:46.602Z", "rating": 0.0, "caption": "Come and join me on the Lakeridge course!", "picture": "user_Mitch/Mitch2023-12-11_202246.6024980000..jpg"}}, {"model": "main_page.userpost", "pk": 4, "fields": {"author": 1, "posted_date": "2023-12-11T20:23:14.018Z", "rating": 0.0, "caption": "My best game yet!", "picture": "user_fletcher/fletcher2023-12-11_202314.0185430000..jpeg"}}, {"model": "main_page.userpost", "pk": 5, "fields": {"author": 1, "posted_date": "2023-12-11T20:24:13.399Z", "rating": 0.0, "caption": "A nice sunny day one the course!", "picture": "user_fletcher/fletcher2023-12-11_202413.3994320000..jpg"}}, {"model": "main_page.userpost", "pk": 6, "fields": {"author": 2, "posted_date": "2023-12-11T20:26:39.384Z", "rating": 0.0, "caption": "Another tournament won! time to move on to the next one.", "picture": "user_fletcher/fletcher2023-12-11_202639.3841460000..jpg"}}, {"model": "main_page.userpost", "pk": 8, "fields": {"author": 1, "posted_date": "2023-12-11T20:27:47.250Z", "rating": 0.0, "caption": "A good day to go out.", "picture": "user_fletcher/fletcher2023-12-11_202747.2505710000..jpg"}}, {"model": "main_page.userpost", "pk": 20, "fields": {"author": 1, "posted_date": "2023-12-11T20:38:09.550Z", "rating": 0.0, "caption": "A good day to go out.", "picture": "user_fletcher/fletcher2023-12-11_203809.5500800000..jpeg"}}, {"model": "round.course", "pk": 1, "fields": {"course_name": "Lakeridge", "city": "Reno", "state": "Nevada"}}, {"model": "round.course", "pk": 2, "fields": {"course_name": "Anthem Country Club", "city": "Henderson", "state": "Nevada"}}, {"model": "round.holedetail", "pk": 1, "fields": {"course_id": 1, "hole_number": 1, "par_number": 4, "yardage": 365, "handicap": 11}}, {"model": "round.holedetail", "pk": 2, "fields": {"course_id": 1, "hole_number": 2, "par_number": 3, "yardage": 151, "handicap": 15}}, {"model": "round.holedetail", "pk": 3, "fields": {"course_id": 1, "hole_number": 3, "par_number": 4, "yardage": 310, "handicap": 17}}, {"model": "round.holedetail", "pk": 4, "fields": {"course_id": 1, "hole_number": 4, "par_number": 5, "yardage": 317, "handicap": 5}}, {"model": "round.holedetail", "pk": 5, "fields": {"course_id": 1, "hole_number": 5, "par_number": 4, "yardage": 317, "handicap": 13}}, {"model": "round.holedetail", "pk": 6, "fields": {"course_id": 1, "hole_number": 6, "par_number": 3, "yardage": 181, "handicap": 3}}, {"model": "round.holedetail", "pk": 7, "fields": {"course_id": 1, "hole_number": 7, "par_number": 4, "yardage": 359, "handicap": 9}}, {"model": "round.holedetail", "pk": 8, "fields": {"course_id": 1, "hole_number": 8, "par_number": 5, "yardage": 487, "handicap": 7}}, {"model": "round.holedetail", "pk": 9, "fields": {"course_id": 1, "hole_number": 9, "par_number": 4, "yardage": 403, "handicap": 1}}, {"model": "round.holedetail", "pk": 10, "fields": {"course_id": 1, "hole_number": 10, "par_number": 4, "yardage": 414, "handicap": 2}}, {"model": "round.holedetail", "pk": 11, "fields": {"course_id": 1, "hole_number": 11, "par_number": 4, "yardage": 351, "handicap": 10}}, {"model": "round.holedetail", "pk": 12, "fields": {"course_id": 1, "hole_number": 12, "par_number": 3, "yardage": 157, "handicap": 14}}, {"model": "round.holedetail", "pk": 13, "fields": {"course_id": 1, "hole_number": 13, "par_number": 4, "yardage": 331, "handicap": 12}}, {"model": "round.holedetail", "pk": 14, "fields": {"course_id": 1, "hole_number": 14, "par_number": 4, "yardage": 307, "handicap": 16}}, {"model": "round.holedetail", "pk": 15, "fields": {"course_id": 1, "hole_number": 15, "par_number": 3, "yardage": 220, "handicap": 4}}, {"model": "round.holedetail", "pk": 16, "fields": {"course_id": 1, "hole_number": 16, "par_number": 4, "yardage": 383, "handicap": 6}}, {"model": "round.holedetail", "pk": 17, "fields": {"course_id": 1, "hole_number": 17, "par_number": 4, "yardage": 329, "handicap": 18}}, {"model": "round.holedetail", "pk": 18, "fields": {"course_id": 1, "hole_number": 18, "par_number": 5, "yardage": 507, "handicap": 8}}, {"model": "round.holedetail", "pk": 19, "fields": {"course_id": 2, "hole_number": 1, "par_number": 4, "yardage": 370, "handicap": 11}}, {"model": "round.holedetail", "pk": 20, "fields": {"course_id": 2, "hole_number": 2, "par_number": 4, "yardage": 404, "handicap": 5}}, {"model": "round.holedetail", "pk": 21, "fields": {"course_id": 2, "hole_number": 3, "par_number": 5, "yardage": 552, "handicap": 3}}, {"model": "round.holedetail", "pk": 22, "fields": {"course_id": 2, "hole_number": 4, "par_number": 3, "yardage": 185, "handicap": 15}}, {"model": "round.holedetail", "pk": 23, "fields": {"course_id": 2, "hole_number": 5, "par_number": 4, "yardage": 412, "handicap": 9}}, {"model": "round.holedetail", "pk": 24, "fields": {"course_id": 2, "hole_number": 6, "par_number": 3, "yardage": 175, "handicap": 17}}, {"model": "round.holedetail", "pk": 25, "fields": {"course_id": 2, "hole_number": 7, "par_number": 4, "yardage": 433, "handicap": 1}}, {"model": "round.holedetail", "pk": 26, "fields": {"course_id": 2, "hole_number": 8, "par_number": 5, "yardage": 567, "handicap": 7}}, {"model": "round.holedetail", "pk": 27, "fields": {"course_id": 2, "hole_number": 9, "par_number": 4, "yardage": 370, "handicap": 13}}, {"model": "round.holedetail", "pk": 28, "fields": {"course_id": 2, "hole_number": 10, "par_number": 4, "yardage": 327, "handicap": 14}}, {"model": "round.holedetail", "pk": 29, "fields": {"course_id": 2, "hole_number": 11, "par_number": 4, "yardage": 416, "handicap": 4}}, {"model": "round.holedetail", "pk": 30, "fields": {"course_id": 2, "hole_number": 12, "par_number": 5, "yardage": 531, "handicap": 2}}, {"model": "round.holedetail", "pk": 31, "fields": {"course_id": 2, "hole_number": 13, "par_number": 4, "yardage": 367, "handicap": 12}}, {"model": "round.holedetail", "pk": 32, "fields": {"course_id": 2, "hole_number": 14, "par_number": 3, "yardage": 126, "handicap": 18}}, {"model": "round.holedetail", "pk": 33, "fields": {"course_id": 2, "hole_number": 15, "par_number": 4, "yardage": 347, "handicap": 8}}, {"model": "round.holedetail", "pk": 34, "fields": {"course_id": 2, "hole_number": 16, "par_number": 4, "yardage": 437, "handicap": 10}}, {"model": "round.holedetail", "pk": 35, "fields": {"course_id": 2, "hole_number": 17, "par_number": 3, "yardage": 185, "handicap": 16}}, {"model": "round.holedetail", "pk": 36, "fields": {"course_id": 2, "hole_number": 18, "par_number": 5, "yardage": 558, "handicap": 6}}, {"model": "round.tip", "pk": 1, "fields": {"player": 1, "hole_id": 1, "header": "Water on the right", "body": "If you hit your shot over the right tree, you'll reach the water.", "gps_cords_lat": -119.4856, "gps_cords_long": 39.3247, "icon": "theatre"}}, {"model": "round.tip", "pk": 2, "fields": {"player": 2, "hole_id": 1, "header": "Aim for the left of fairway", "body": "A driver shot over 200 yards will reach the downhill on the left, adding distance.", "gps_cords_lat": -119.4856, "gps_cords_long": 39.3247, "icon": "theatre"}}, {"model": "round.tip", "pk": 3, "fields": {"player": 1, "hole_id": 1, "header": "TEST TEST TEST", "body": "This is a test........................................", "gps_cords_lat": -119.4856, "gps_cords_long": 39.3247, "icon": "theatre"}}, {"model": "round.tip", "pk": 4, "fields": {"player": 1, "hole_id": 2, "header": "TEST 2 TEST 2 TEST 2", "body": "This is the second test..............................", "gps_cords_lat": -119.4856, "gps_cords_long": 39.3247, "icon": "theatre"}}, {"model": "round.tip", "pk": 5, "fields": {"player": 1, "hole_id": 19, "header": "Watch out for water on the left", "body": "There is a hidden pond about 190 yards down the fairway. Aim right", "gps_cords_lat": -119.4856, "gps_cords_long": 39.3247, "icon": "theatre"}}, {"model": "round.tip", "pk": 6, "fields": {"player": 2, "hole_id": 19, "header": "Very thick rough on right near the bunekr", "body": "Difficult to find ball if hit in rough. Also nearly impossible to hit out of.", "gps_cords_lat": -119.4856, "gps_cords_long": 39.3247, "icon": "theatre"}}, {"model": "round.tip", "pk": 7, "fields": {"player": 1, "hole_id": 19, "header": "Avoid bunker on right side of fairway", "body": "The sand in the bunker is hardened, very difficult to escape.", "gps_cords_lat": -119.4856, "gps_cords_long": 39.3247, "icon": "theatre"}}, {"model": "round.tip", "pk": 8, "fields": {"player": 1, "hole_id": 20, "header": "Example tip", "body": "Details for the example tip.....", "gps_cords_lat": -119.4856, "gps_cords_long": 39.3247, "icon": "theatre"}}, {"model": "round.tip", "pk": 9, "fields": {"player": 2, "hole_id": 20, "header": "Another example tip here..", "body": "Details details details............", "gps_cords_lat": -119.4856, "gps_cords_long": 39.3247, "icon": "theatre"}}, {"model": "round.tip", "pk": 10, "fields": {"player": 1, "hole_id": 21, "header": "Tip for Anthem CC hole 3", "body": "Details for Anthm CC hole 3.................", "gps_cords_lat": -119.4856, "gps_cords_long": 39.3247, "icon": "theatre"}}, {"model": "round.tip", "pk": 11, "fields": {"player": 1, "hole_id": 3, "header": "Example tip for lakeridge hole 3", "body": "Specific details for lakeridge hole 3.......", "gps_cords_lat": -119.4856, "gps_cords_long": 39.3247, "icon": "theatre"}}, {"model": "round.tip", "pk": 12, "fields": {"player": 1, "hole_id": 4, "header": "This is a tip for lakeridge hole 4", "body": "Details for lakerdige hole 4 goes here......", "gps_cords_lat": -119.4856, "gps_cords_long": 39.3247, "icon": "theatre"}}]
