[{"model": "round.course", "pk": 1, "fields": {"course_name": "Lakeridge", "city": "Reno", "state": "Nevada"}}, {"model": "round.course", "pk": 2, "fields": {"course_name": "Anthem Country Club", "city": "Henderson", "state": "Nevada"}}, {"model": "round.holedetail", "pk": 1, "fields": {"course_id": 1, "hole_number": 1, "par_number": 4, "yardage": 365, "handicap": 11}}, {"model": "round.holedetail", "pk": 2, "fields": {"course_id": 1, "hole_number": 2, "par_number": 3, "yardage": 151, "handicap": 15}}, {"model": "round.holedetail", "pk": 3, "fields": {"course_id": 1, "hole_number": 3, "par_number": 4, "yardage": 310, "handicap": 17}}, {"model": "round.holedetail", "pk": 4, "fields": {"course_id": 1, "hole_number": 4, "par_number": 5, "yardage": 317, "handicap": 5}}, {"model": "round.holedetail", "pk": 5, "fields": {"course_id": 1, "hole_number": 5, "par_number": 4, "yardage": 317, "handicap": 13}}, {"model": "round.holedetail", "pk": 6, "fields": {"course_id": 1, "hole_number": 6, "par_number": 3, "yardage": 181, "handicap": 3}}, {"model": "round.holedetail", "pk": 7, "fields": {"course_id": 1, "hole_number": 7, "par_number": 4, "yardage": 359, "handicap": 9}}, {"model": "round.holedetail", "pk": 8, "fields": {"course_id": 1, "hole_number": 8, "par_number": 5, "yardage": 487, "handicap": 7}}, {"model": "round.holedetail", "pk": 9, "fields": {"course_id": 1, "hole_number": 9, "par_number": 4, "yardage": 403, "handicap": 1}}, {"model": "round.holedetail", "pk": 10, "fields": {"course_id": 1, "hole_number": 10, "par_number": 4, "yardage": 414, "handicap": 2}}, {"model": "round.holedetail", "pk": 11, "fields": {"course_id": 1, "hole_number": 11, "par_number": 4, "yardage": 351, "handicap": 10}}, {"model": "round.holedetail", "pk": 12, "fields": {"course_id": 1, "hole_number": 12, "par_number": 3, "yardage": 157, "handicap": 14}}, {"model": "round.holedetail", "pk": 13, "fields": {"course_id": 1, "hole_number": 13, "par_number": 4, "yardage": 331, "handicap": 12}}, {"model": "round.holedetail", "pk": 14, "fields": {"course_id": 1, "hole_number": 14, "par_number": 4, "yardage": 307, "handicap": 16}}, {"model": "round.holedetail", "pk": 15, "fields": {"course_id": 1, "hole_number": 15, "par_number": 3, "yardage": 220, "handicap": 4}}, {"model": "round.holedetail", "pk": 16, "fields": {"course_id": 1, "hole_number": 16, "par_number": 4, "yardage": 383, "handicap": 6}}, {"model": "round.holedetail", "pk": 17, "fields": {"course_id": 1, "hole_number": 17, "par_number": 4, "yardage": 329, "handicap": 18}}, {"model": "round.holedetail", "pk": 18, "fields": {"course_id": 1, "hole_number": 18, "par_number": 5, "yardage": 507, "handicap": 8}}, {"model": "round.holedetail", "pk": 19, "fields": {"course_id": 2, "hole_number": 1, "par_number": 4, "yardage": 370, "handicap": 11}}, {"model": "round.holedetail", "pk": 20, "fields": {"course_id": 2, "hole_number": 2, "par_number": 4, "yardage": 404, "handicap": 5}}, {"model": "round.holedetail", "pk": 21, "fields": {"course_id": 2, "hole_number": 3, "par_number": 5, "yardage": 552, "handicap": 3}}, {"model": "round.holedetail", "pk": 22, "fields": {"course_id": 2, "hole_number": 4, "par_number": 3, "yardage": 185, "handicap": 15}}, {"model": "round.holedetail", "pk": 23, "fields": {"course_id": 2, "hole_number": 5, "par_number": 4, "yardage": 412, "handicap": 9}}, {"model": "round.holedetail", "pk": 24, "fields": {"course_id": 2, "hole_number": 6, "par_number": 3, "yardage": 175, "handicap": 17}}, {"model": "round.holedetail", "pk": 25, "fields": {"course_id": 2, "hole_number": 7, "par_number": 4, "yardage": 433, "handicap": 1}}, {"model": "round.holedetail", "pk": 26, "fields": {"course_id": 2, "hole_number": 8, "par_number": 5, "yardage": 567, "handicap": 7}}, {"model": "round.holedetail", "pk": 27, "fields": {"course_id": 2, "hole_number": 9, "par_number": 4, "yardage": 370, "handicap": 13}}, {"model": "round.holedetail", "pk": 28, "fields": {"course_id": 2, "hole_number": 10, "par_number": 4, "yardage": 327, "handicap": 14}}, {"model": "round.holedetail", "pk": 29, "fields": {"course_id": 2, "hole_number": 11, "par_number": 4, "yardage": 416, "handicap": 4}}, {"model": "round.holedetail", "pk": 30, "fields": {"course_id": 2, "hole_number": 12, "par_number": 5, "yardage": 531, "handicap": 2}}, {"model": "round.holedetail", "pk": 31, "fields": {"course_id": 2, "hole_number": 13, "par_number": 4, "yardage": 367, "handicap": 12}}, {"model": "round.holedetail", "pk": 32, "fields": {"course_id": 2, "hole_number": 14, "par_number": 3, "yardage": 126, "handicap": 18}}, {"model": "round.holedetail", "pk": 33, "fields": {"course_id": 2, "hole_number": 15, "par_number": 4, "yardage": 347, "handicap": 8}}, {"model": "round.holedetail", "pk": 34, "fields": {"course_id": 2, "hole_number": 16, "par_number": 4, "yardage": 437, "handicap": 10}}, {"model": "round.holedetail", "pk": 35, "fields": {"course_id": 2, "hole_number": 17, "par_number": 3, "yardage": 185, "handicap": 16}}, {"model": "round.holedetail", "pk": 36, "fields": {"course_id": 2, "hole_number": 18, "par_number": 5, "yardage": 558, "handicap": 6}}, {"model": "round.tip", "pk": 1, "fields": {"player": 1, "hole_id": 1, "header": "Water on the right", "body": "If you hit your shot over the right tree, you'll reach the water.", "gps_cords_lat": -119.4856, "gps_cords_long": 39.3247, "icon": "theatre"}}, {"model": "round.tip", "pk": 2, "fields": {"player": 2, "hole_id": 1, "header": "Aim for the left of fairway", "body": "A driver shot over 200 yards will reach the downhill on the left, adding distance.", "gps_cords_lat": -119.4856, "gps_cords_long": 39.3247, "icon": "theatre"}}, {"model": "round.tip", "pk": 3, "fields": {"player": 1, "hole_id": 1, "header": "TEST TEST TEST", "body": "This is a test........................................", "gps_cords_lat": -119.4856, "gps_cords_long": 39.3247, "icon": "theatre"}}, {"model": "round.tip", "pk": 4, "fields": {"player": 1, "hole_id": 2, "header": "TEST 2 TEST 2 TEST 2", "body": "This is the second test..............................", "gps_cords_lat": -119.4856, "gps_cords_long": 39.3247, "icon": "theatre"}}, {"model": "round.tip", "pk": 5, "fields": {"player": 1, "hole_id": 19, "header": "Watch out for water on the left", "body": "There is a hidden pond about 190 yards down the fairway. Aim right", "gps_cords_lat": -119.4856, "gps_cords_long": 39.3247, "icon": "theatre"}}, {"model": "round.tip", "pk": 6, "fields": {"player": 2, "hole_id": 19, "header": "Very thick rough on right near the bunekr", "body": "Difficult to find ball if hit in rough. Also nearly impossible to hit out of.", "gps_cords_lat": -119.4856, "gps_cords_long": 39.3247, "icon": "theatre"}}, {"model": "round.tip", "pk": 7, "fields": {"player": 1, "hole_id": 19, "header": "Avoid bunker on right side of fairway", "body": "The sand in the bunker is hardened, very difficult to escape.", "gps_cords_lat": -119.4856, "gps_cords_long": 39.3247, "icon": "theatre"}}, {"model": "round.tip", "pk": 8, "fields": {"player": 1, "hole_id": 20, "header": "Example tip", "body": "Details for the example tip.....", "gps_cords_lat": -119.4856, "gps_cords_long": 39.3247, "icon": "theatre"}}, {"model": "round.tip", "pk": 9, "fields": {"player": 2, "hole_id": 20, "header": "Another example tip here..", "body": "Details details details............", "gps_cords_lat": -119.4856, "gps_cords_long": 39.3247, "icon": "theatre"}}, {"model": "round.tip", "pk": 10, "fields": {"player": 1, "hole_id": 21, "header": "Tip for Anthem CC hole 3", "body": "Details for Anthm CC hole 3.................", "gps_cords_lat": -119.4856, "gps_cords_long": 39.3247, "icon": "theatre"}}, {"model": "round.tip", "pk": 11, "fields": {"player": 1, "hole_id": 3, "header": "Example tip for lakeridge hole 3", "body": "Specific details for lakeridge hole 3.......", "gps_cords_lat": -119.4856, "gps_cords_long": 39.3247, "icon": "theatre"}}, {"model": "round.tip", "pk": 12, "fields": {"player": 1, "hole_id": 4, "header": "This is a tip for lakeridge hole 4", "body": "Details for lakerdige hole 4 goes here......", "gps_cords_lat": -119.4856, "gps_cords_long": 39.3247, "icon": "theatre"}}]
